cpu_layers,mps_layers,prompt_number,prompt,latency_seconds,response
0,40,1,What is the capital of the USA?,4.029955148696899,"What is the capital of the USA? Washington D.C.
What is the capital of France? Paris.
What is the capital of Australia? Canberra.
What is the capital of China? Beijing.
What is the capital of Japan? T"
0,40,2,Tell me about if robotics or AI is more important for the future of humanity,3.552788019180298,"Tell me about if robotics or AI is more important for the future of humanity.
Both robotics and AI are crucial for the future of humanity, but in different ways. Here's a balanced view of their import"
0,40,3,"Encrypt this message: 'Hello, world!' with caesar cipher.",3.4559550285339355,"Encrypt this message: 'Hello, world!' with caesar cipher. 

## Step 1: Understand the Caesar Cipher
The Caesar Cipher is a type of substitution cipher where each letter in the plaintext is'shifted' a "
0,40,4,Write a poem about mountains and the ocean.,3.448089122772217,"Write a poem about mountains and the ocean. Two elements that are often at odds with each other, yet both are beautiful in their own way.
The mountains stand tall and proud,
Their peaks a challenge to"
0,40,5,Describe quantum mechanics easily.,3.4440951347351074,Describe quantum mechanics easily. Quantum mechanics is a branch of physics that studies the behavior of matter and energy at the smallest scales. It describes how particles like electrons and photons
0,40,6,What is the capital of France?,3.4182121753692627,"What is the capital of France? Paris
What is the capital of France?
The capital of France is Paris. Paris is the largest city in France and is located in the northern part of the country. It is situat"
0,40,7,Explain machine learning in simple terms.,3.3834259510040283,Explain machine learning in simple terms. Machine learning is a type of artificial intelligence (AI) that allows computers to learn from data without being explicitly programmed. It's like teaching a 
0,40,8,Write a short story about a robot.,3.376732110977173,"Write a short story about a robot.  The robot is a servant of the gods, and is tasked with maintaining the celestial balance.  The robot is named Zorvath, and is a being of immense power and wisdom.  "
0,40,9,What are the benefits of renewable energy?,3.377936840057373,"What are the benefits of renewable energy? Renewable energy is a vital component of a sustainable future, and its benefits are numerous. Here are some of the most significant advantages of renewable e"
0,40,10,How does a computer work?,3.7553820610046387,"How does a computer work? A computer is a machine that can be programmed to perform a series of automatic calculations or tasks. It is made up of several components, including the central processing u"
5,35,1,What is the capital of the USA?,3.479332208633423,"What is the capital of the USA? Washington D.C.
What is the capital of France? Paris.
What is the capital of Australia? Canberra.
What is the capital of China? Beijing.
What is the capital of Japan? T"
5,35,2,Tell me about if robotics or AI is more important for the future of humanity,3.4737207889556885,"Tell me about if robotics or AI is more important for the future of humanity.
Both robotics and AI are crucial for the future of humanity, but in different ways. Here's a balanced view of their import"
5,35,3,"Encrypt this message: 'Hello, world!' with caesar cipher.",3.4393861293792725,"Encrypt this message: 'Hello, world!' with caesar cipher. 

## Step 1: Understand the Caesar Cipher
The Caesar Cipher is a type of substitution cipher where each letter in the plaintext is'shifted' a "
5,35,4,Write a poem about mountains and the ocean.,3.423452854156494,"Write a poem about mountains and the ocean. Two elements that are often at odds with each other, yet both are beautiful in their own way.
The mountains stand tall and proud,
Their peaks a challenge to"
5,35,5,Describe quantum mechanics easily.,3.4076931476593018,Describe quantum mechanics easily. Quantum mechanics is a branch of physics that studies the behavior of matter and energy at the smallest scales. It describes how particles like electrons and photons
5,35,6,What is the capital of France?,3.4019219875335693,"What is the capital of France? Paris
What is the capital of France?
The capital of France is Paris. Paris is the largest city in France and is located in the northern part of the country. It is situat"
5,35,7,Explain machine learning in simple terms.,3.3882598876953125,Explain machine learning in simple terms. Machine learning is a type of artificial intelligence (AI) that allows computers to learn from data without being explicitly programmed. It's like teaching a 
5,35,8,Write a short story about a robot.,3.405319929122925,"Write a short story about a robot.  The robot is a servant of the gods, and is tasked with maintaining the celestial balance.  The robot is named Zorvath, and is a being of immense power and wisdom.  "
5,35,9,What are the benefits of renewable energy?,3.3791298866271973,"What are the benefits of renewable energy? Renewable energy is a vital component of a sustainable future, and its benefits are numerous. Here are some of the most significant advantages of renewable e"
5,35,10,How does a computer work?,3.4081339836120605,"How does a computer work? A computer is a machine that can be programmed to perform a series of automatic calculations or tasks. It is made up of several components, including the central processing u"
8,32,1,What is the capital of the USA?,3.4348740577697754,"What is the capital of the USA? Washington D.C.
What is the capital of France? Paris.
What is the capital of Australia? Canberra.
What is the capital of China? Beijing.
What is the capital of Japan? T"
8,32,2,Tell me about if robotics or AI is more important for the future of humanity,3.4246861934661865,"Tell me about if robotics or AI is more important for the future of humanity.
Both robotics and AI are crucial for the future of humanity, but in different ways. Here's a balanced view of their import"
8,32,3,"Encrypt this message: 'Hello, world!' with caesar cipher.",3.4288599491119385,"Encrypt this message: 'Hello, world!' with caesar cipher. 

## Step 1: Understand the Caesar Cipher
The Caesar Cipher is a type of substitution cipher where each letter in the plaintext is'shifted' a "
8,32,4,Write a poem about mountains and the ocean.,3.4088730812072754,"Write a poem about mountains and the ocean. Two elements that are often at odds with each other, yet both are beautiful in their own way.
The mountains stand tall and proud,
Their peaks a challenge to"
8,32,5,Describe quantum mechanics easily.,3.403891086578369,Describe quantum mechanics easily. Quantum mechanics is a branch of physics that studies the behavior of matter and energy at the smallest scales. It describes how particles like electrons and photons
8,32,6,What is the capital of France?,3.3931798934936523,"What is the capital of France? Paris
What is the capital of France?
The capital of France is Paris. Paris is the largest city in France and is located in the northern part of the country. It is situat"
8,32,7,Explain machine learning in simple terms.,3.3749380111694336,Explain machine learning in simple terms. Machine learning is a type of artificial intelligence (AI) that allows computers to learn from data without being explicitly programmed. It's like teaching a 
8,32,8,Write a short story about a robot.,3.393333911895752,"Write a short story about a robot.  The robot is a servant of the gods, and is tasked with maintaining the celestial balance.  The robot is named Zorvath, and is a being of immense power and wisdom.  "
8,32,9,What are the benefits of renewable energy?,3.4169421195983887,"What are the benefits of renewable energy? Renewable energy is a vital component of a sustainable future, and its benefits are numerous. Here are some of the most significant advantages of renewable e"
8,32,10,How does a computer work?,3.3702869415283203,"How does a computer work? A computer is a machine that can be programmed to perform a series of automatic calculations or tasks. It is made up of several components, including the central processing u"
12,28,1,What is the capital of the USA?,3.386855125427246,"What is the capital of the USA? Washington D.C.
What is the capital of France? Paris.
What is the capital of Australia? Canberra.
What is the capital of China? Beijing.
What is the capital of Japan? T"
12,28,2,Tell me about if robotics or AI is more important for the future of humanity,3.388644218444824,"Tell me about if robotics or AI is more important for the future of humanity.
Both robotics and AI are crucial for the future of humanity, but in different ways. Here's a balanced view of their import"
12,28,3,"Encrypt this message: 'Hello, world!' with caesar cipher.",3.3607869148254395,"Encrypt this message: 'Hello, world!' with caesar cipher. 

## Step 1: Understand the Caesar Cipher
The Caesar Cipher is a type of substitution cipher where each letter in the plaintext is'shifted' a "
12,28,4,Write a poem about mountains and the ocean.,3.414830207824707,"Write a poem about mountains and the ocean. Two elements that are often at odds with each other, yet both are beautiful in their own way.
The mountains stand tall and proud,
Their peaks a challenge to"
12,28,5,Describe quantum mechanics easily.,3.3364970684051514,Describe quantum mechanics easily. Quantum mechanics is a branch of physics that studies the behavior of matter and energy at the smallest scales. It describes how particles like electrons and photons
12,28,6,What is the capital of France?,3.3395590782165527,"What is the capital of France? Paris
What is the capital of France?
The capital of France is Paris. Paris is the largest city in France and is located in the northern part of the country. It is situat"
12,28,7,Explain machine learning in simple terms.,3.3378119468688965,Explain machine learning in simple terms. Machine learning is a type of artificial intelligence (AI) that allows computers to learn from data without being explicitly programmed. It's like teaching a 
12,28,8,Write a short story about a robot.,3.330320119857788,"Write a short story about a robot.  The robot is a servant of the gods, and is tasked with maintaining the celestial balance.  The robot is named Zorvath, and is a being of immense power and wisdom.  "
12,28,9,What are the benefits of renewable energy?,3.344907760620117,"What are the benefits of renewable energy? Renewable energy is a vital component of a sustainable future, and its benefits are numerous. Here are some of the most significant advantages of renewable e"
12,28,10,How does a computer work?,3.3589959144592285,"How does a computer work? A computer is a machine that can be programmed to perform a series of automatic calculations or tasks. It is made up of several components, including the central processing u"
15,25,1,What is the capital of the USA?,3.367352247238159,"What is the capital of the USA? Washington D.C.
What is the capital of France? Paris.
What is the capital of Australia? Canberra.
What is the capital of China? Beijing.
What is the capital of Japan? T"
15,25,2,Tell me about if robotics or AI is more important for the future of humanity,3.378289222717285,"Tell me about if robotics or AI is more important for the future of humanity.
Both robotics and AI are crucial for the future of humanity, but in different ways. Here's a balanced view of their import"
15,25,3,"Encrypt this message: 'Hello, world!' with caesar cipher.",3.364367961883545,"Encrypt this message: 'Hello, world!' with caesar cipher. 

## Step 1: Understand the Caesar Cipher
The Caesar Cipher is a type of substitution cipher where each letter in the plaintext is'shifted' a "
15,25,4,Write a poem about mountains and the ocean.,3.378126859664917,"Write a poem about mountains and the ocean. Two elements that are often at odds with each other, yet both are beautiful in their own way.
The mountains stand tall and proud,
Their peaks a challenge to"
15,25,5,Describe quantum mechanics easily.,3.3183770179748535,Describe quantum mechanics easily. Quantum mechanics is a branch of physics that studies the behavior of matter and energy at the smallest scales. It describes how particles like electrons and photons
15,25,6,What is the capital of France?,3.333014965057373,"What is the capital of France? Paris
What is the capital of France?
The capital of France is Paris. Paris is the largest city in France and is located in the northern part of the country. It is situat"
15,25,7,Explain machine learning in simple terms.,3.3492491245269775,Explain machine learning in simple terms. Machine learning is a type of artificial intelligence (AI) that allows computers to learn from data without being explicitly programmed. It's like teaching a 
15,25,8,Write a short story about a robot.,3.333759069442749,"Write a short story about a robot.  The robot is a servant of the gods, and is tasked with maintaining the celestial balance.  The robot is named Zorvath, and is a being of immense power and wisdom.  "
15,25,9,What are the benefits of renewable energy?,3.3477609157562256,"What are the benefits of renewable energy? Renewable energy is a vital component of a sustainable future, and its benefits are numerous. Here are some of the most significant advantages of renewable e"
15,25,10,How does a computer work?,3.3638269901275635,"How does a computer work? A computer is a machine that can be programmed to perform a series of automatic calculations or tasks. It is made up of several components, including the central processing u"
